{
  "project_info": {
    "project_number": "665626557865",
    "firebase_url": "https://softsimverivication.firebaseio.com",
    "project_id": "softsimverivication",
    "storage_bucket": "softsimverivication.appspot.com"
  },
  "client": [
    {
      "client_info": {
        "mobilesdk_app_id": "1:665626557865:android:0db0131fbb0bff61",
        "android_client_info": {
          "package_name": "com.example.lenovo.phoneverification"
        }
      },
      "oauth_client": [
        {
          "client_id": "665626557865-rlk49n7nr8rpos17mc9ie5io41rqnanp.apps.googleusercontent.com",
          "client_type": 3
        }
      ],
      "api_key": [
        {
          "current_key": "AIzaSyCsmvKyZq3VCkRNun9TFzlNbEveB2hezJE"
        }
      ],
      "services": {
        "analytics_service": {
          "status": 1
        },
        "appinvite_service": {
          "status": 1,
          "other_platform_oauth_client": []
        },
        "ads_service": {
          "status": 2
        }
      }
    },
    {
      "client_info": {
        "mobilesdk_app_id": "1:665626557865:android:46f94b9cc1850d7d",
        "android_client_info": {
          "package_name": "com.example.lenovo.softsimapp"
        }
      },
      "oauth_client": [
        {
          "client_id": "665626557865-o3jg8jngh90uhgu4g26vdfrc1uvr103m.apps.googleusercontent.com",
          "client_type": 1,
          "android_info": {
            "package_name": "com.example.lenovo.softsimapp",
            "certificate_hash": "791762aa370013a9b90090b38cefa2049840ce88"
          }
        },
        {
          "client_id": "665626557865-rlk49n7nr8rpos17mc9ie5io41rqnanp.apps.googleusercontent.com",
          "client_type": 3
        }
      ],
      "api_key": [
        {
          "current_key": "AIzaSyCsmvKyZq3VCkRNun9TFzlNbEveB2hezJE"
        }
      ],
      "services": {
        "analytics_service": {
          "status": 1
        },
        "appinvite_service": {
          "status": 2,
          "other_platform_oauth_client": [
            {
              "client_id": "665626557865-rlk49n7nr8rpos17mc9ie5io41rqnanp.apps.googleusercontent.com",
              "client_type": 3
            }
          ]
        },
        "ads_service": {
          "status": 2
        }
      }
    }
  ],
  "configuration_version": "1"
}